frame,timestamp,posX,posY,posZ,roll,pitch,yaw,L_arm_shoulder_pitch_joint,L_arm_shoulder_roll_joint,L_arm_shoulder_yaw_joint,L_arm_elbow_joint,L_leg_hip_roll_joint,L_leg_hip_yaw_joint,L_leg_hip_pitch_joint,L_leg_knee_joint,L_leg_ankle_joint,R_arm_shoulder_pitch_joint,R_arm_shoulder_roll_joint,R_arm_shoulder_yaw_joint,R_arm_elbow_joint,R_leg_hip_roll_joint,R_leg_hip_yaw_joint,R_leg_hip_pitch_joint,R_leg_knee_joint,R_leg_ankle_joint
1.0,0.13948297500610352,1.9991429178761,0.4980772849227619,0.7931861549748908,0.03657510167818366,-0.4641986768179676,-1.9388562497180042,-1.0181923890854525,6.154503827625413e-06,-0.1658824185761325,-0.46343457347706957,-0.04269510131290342,0.18731183885324917,-0.14475274167916624,0.2671349409860654,-0.19992273541034486,-0.4524520150271952,-0.00018576353615552127,-0.12556735490043233,0.02875001029271141,0.22540502917525748,0.38489722612654603,-0.020710908900330973,0.26832244181401804,-0.1838291485614951
2.0,0.1687023639678955,2.045083117787521,0.4993497079994286,0.7839583568419128,0.07357737466766998,-0.28918785410699505,-2.5031966065585527,-1.3932357905891666,7.509998754935796e-06,-0.2771814007979073,-0.6254029453413538,-0.012903975652271141,0.22301909551294946,-0.016321173639451684,0.3137107370874564,-0.2023720745741748,0.012974723887076862,-0.27208628351765535,-0.22212912724325676,-0.3029420081036325,0.2219035110720369,0.4112122075616085,0.07625536595289474,0.32008244170145694,-0.15029423736631448
3.0,0.19731712341308594,2.0215242026258173,0.4883638555631115,0.751458278358018,0.08323564006646253,-0.2408887802400012,-2.713619407308932,-1.489847741594292,1.204668881428652e-05,-0.33410158569879655,-0.6405169637792145,-0.023033608864794743,0.18531232430457736,0.06410882775643645,0.32420074465884346,-0.20941129970421996,0.3492779866610843,-0.2836246747672612,-0.25955212896216084,-0.509905698146318,0.1835061509771516,0.38173618803440873,0.09856777179638075,0.3493314601058082,-0.10946239791108549
4.0,0.21982622146606445,2.0067942902639966,0.48968806255981717,0.7512173535801223,0.06848406173782423,-0.2702551553976693,-2.6298480822871735,-1.4206680872946853,1.8002512336162056e-05,-0.31415881340644036,-0.608743546571861,-0.03371490881417695,0.17266746509887432,0.03953192184249686,0.31161169604058137,-0.20977967758579324,0.25768507412600494,-0.22643248746121702,-0.2436114812142446,-0.4498372950885656,0.17980062324941415,0.3759297280599963,0.06680464755149462,0.33624353307676236,-0.10612081613169619
5.0,0.24620342254638672,1.970623975748663,0.4877371927244493,0.7275331164865353,0.061970308960797624,-0.24470319814895358,-2.7455486198894654,-1.4476994583108262,2.1267799071882628e-05,-0.33850086911953825,-0.6129167808490473,-0.044405345939217494,0.15048477654248613,0.07142464079303379,0.31210154735029905,-0.2137473196124774,0.38611444981678356,-0.21873809894744878,-0.2622076779349461,-0.5364723079688688,0.1568444871838063,0.3659341590605397,0.043692036636478374,0.33362365425516116,-0.07469569256178393
6.0,0.27143216133117676,1.92274912980164,0.4866376585997849,0.701800716209013,0.04891818828025139,-0.24424450482738402,-2.792633324265563,-1.4250215643272075,3.345222982453848e-05,-0.3490881778959598,-0.5983749593458507,-0.06200334522641297,0.12143016024332562,0.08600841995018041,0.3051236275288442,-0.2183415892579954,0.44078610785419753,-0.17496512460454114,-0.2710593323968564,-0.5768436060972522,0.13559405938631586,0.3599585489026044,-0.010217163248774815,0.31840836699626734,-0.04091361633069747
7.0,0.29636645317077637,1.8720335154821433,0.4878861015063064,0.6766516470290295,0.03372621514328031,-0.25939696182425886,-2.815254365301616,-1.3889056058696172,3.1031408433192874e-05,-0.35387134583277247,-0.5830084458511348,-0.0799520744034263,0.09181691975943225,0.09966889619521008,0.302771599810574,-0.22537492510886853,0.4560490172376166,-0.12697811891995306,-0.2824298239010035,-0.5942641381903293,0.12097312775735869,0.3611277833596601,-0.0897255322074072,0.29407263753620966,-0.0045731447812729555
8.0,0.32111501693725586,1.8223977198059509,0.4909178520867292,0.6513297415412215,0.018224151121249806,-0.2865964053937902,-2.8291651498752097,-1.3554208702396393,2.8554305621549997e-05,-0.35515005364156826,-0.5709746241578064,-0.0949085326420621,0.06669707594007986,0.1140190741725059,0.30329456883473677,-0.23440112651696282,0.4613749008086786,-0.08281532072462705,-0.29724380446570065,-0.604335022965884,0.11619146942553965,0.36522766335441104,-0.19245020145654362,0.2648876483150945,0.03585208645555479
9.0,0.35302066802978516,1.776001696545224,0.49486433342794917,0.6254333344048474,0.0019910954140496522,-0.32684626054422994,-2.8406083316163975,-1.3365194426156388,2.551987601592623e-05,-0.3542489840985775,-0.5622802344539964,-0.10820985178601983,0.044931353553604086,0.12785111931660129,0.3025134342152351,-0.24564621984805024,0.4748330446673024,-0.04368832595693238,-0.31633411157857594,-0.6150627533777078,0.12280920502092588,0.3636494386564449,-0.3228908907221686,0.2330736779894656,0.08293710729083056
10.0,0.38166332244873047,1.7325775021373493,0.4998602156432389,0.6002263182619024,-0.016468036640297237,-0.3831738151035934,-2.8453511345938254,-1.3355085721573263,2.240994548864193e-05,-0.3504877653777354,-0.5573553507046316,-0.12062794224285393,0.027940996841753746,0.13180498204999558,0.2965270223913734,-0.2576356063066174,0.49456290138389947,-0.018268391319111867,-0.3369739389635191,-0.6222500126378805,0.1383601021538233,0.3490016843916859,-0.4782015569505714,0.20281431862003302,0.13561320547274486
11.0,0.40566515922546387,1.6912640390981748,0.5049668810859272,0.5763539876592695,-0.03791214003606652,-0.45460937530072665,-2.844920558543474,-1.3565630997688478,2.4495082985639724e-05,-0.3439376092431392,-0.5555341649040887,-0.1327251516830592,0.015471177703013048,0.12165759125529883,0.28292929572777425,-0.26983578901559824,0.5233989439891826,-0.005694895888325946,-0.35706235487625226,-0.6276007696749151,0.15604518936671702,0.31831699478312236,-0.6488573509665729,0.18235016103743765,0.1936834056988871
12.0,0.4311025142669678,1.6508531635991743,0.5090906126202883,0.5539328238611106,-0.06113761899062782,-0.5399704786038844,-2.839611572840475,-1.4002450631857029,2.7493195859607225e-05,-0.335304965532564,-0.5555263956477776,-0.1453060189597726,0.007807680343581673,0.0978138397656094,0.2614471470738967,-0.28270702379278584,0.5609656394205292,-0.0012068881228427435,-0.37575351741764734,-0.6318283562967821,0.1655668398714854,0.2750019362993788,-0.8230622825539204,0.1792036376924993,0.25544575499897293
13.0,0.46150779724121094,1.610057431891756,0.5125329806711101,0.5332267607342345,-0.0852370370686518,-0.6379978182973718,-2.8278123565131494,-1.4646571917656277,2.7748330625629047e-05,-0.3248880249557591,-0.5557713468385655,-0.156799902960775,0.007031615548410217,0.06325342214635796,0.23160706034317086,-0.29513583481759087,0.6051128056081942,-0.0005788575750866836,-0.39204448253983915,-0.6355980569048341,0.16268504388194677,0.2266281795361621,-0.9830200832000017,0.20222176076820036,0.31745992392796674
14.0,0.489713191986084,1.5675593643895473,0.5148023616423578,0.5153314216095957,-0.1105583001308878,-0.7449735575376238,-2.8103040037781852,-1.5448730211209039,2.835093826107792e-05,-0.31325576197547333,-0.554705021014843,-0.16551338358996925,0.01418339579535274,0.024350378303873387,0.19537869053620743,-0.30645128800273536,0.6524575806118151,-0.004937114528302948,-0.4027779270002131,-0.6381024761271836,0.14230092088292406,0.17955204869967706,-1.1271473757708739,0.24907342470893917,0.3776590212426655
15.0,0.5199933052062988,1.5221923285045942,0.516536946713796,0.5008745966926289,-0.1398573801921409,-0.8602269451148687,-2.7879312977315127,-1.6366881968974556,3.097222250458204e-05,-0.30062453474360845,-0.5515122790032836,-0.1695090953783799,0.02727122263966756,-0.008024851412546722,0.16250716593831416,-0.3174389506025089,0.7001880818516967,-0.01867745747830051,-0.4078443713937345,-0.6399042715999346,0.10245230990297939,0.13846872142881292,-1.257226834939471,0.3146367855680164,0.4343198304181252
16.0,0.551971435546875,1.4752835461175544,0.5182314565513363,0.48879389996619665,-0.17411837871004393,-0.9772995918882385,-2.766232475460522,-1.736423318345641,2.9693413350459833e-05,-0.2877930541089644,-0.5439302605177223,-0.16954026421310964,0.04636156039212665,-0.03339921511229085,0.13358383973013305,-0.3275387745500018,0.7432834058301925,-0.039627369106153665,-0.4083169927254092,-0.6411562056535718,0.04975107703336567,0.1025885224681539,-1.3731660390434262,0.3930098483697002,0.48543518382202766
17.0,0.581265926361084,1.4253226645356014,0.5194753782847407,0.4799563304807972,-0.21320032271583025,-1.0889740186196462,-2.7475222651136293,-1.8356372240168048,2.7541416910870918e-05,-0.27605050730248315,-0.5315290425622834,-0.16037627112319583,0.06873761659933325,-0.04053440267682072,0.11535516709034868,-0.3389216089550793,0.7740656665355657,-0.06323025723685106,-0.41052088483397026,-0.6409497844413498,-0.013596334135413158,0.0717391865940734,-1.4413526770248342,0.4554102512650264,0.5300140012699134
18.0,0.6116459369659424,1.373437925280267,0.520304889526938,0.4743334186078613,-0.25518335007448806,-1.1961753109244149,-2.7302832834652575,-1.935340759487704,2.354639010732756e-05,-0.2657228317508784,-0.5159917714543119,-0.1376167261794348,0.09468240778735082,-0.030300776345758004,0.10934125801509303,-0.35331015720887254,0.7945660844008097,-0.08870287686773537,-0.4186325579331155,-0.6407460862270296,-0.08407203693860454,0.047012952850407685,-1.474455958791688,0.5003841266466538,0.5684065857287158
19.0,0.6414322853088379,1.3212443494320376,0.520637510594507,0.47126189811308067,-0.29560364543745193,-1.2992657738560829,-2.7093983769694274,-2.0364618056673205,2.3062094840194377e-05,-0.2579918728189122,-0.498660583628852,-0.10082140930508093,0.12669292603479887,-0.01014897753889632,0.1114256732968072,-0.3713268931678332,0.8082072779124732,-0.11474095467310011,-0.43213841611062753,-0.6414858288364016,-0.15869881172706685,0.028435667744337114,-1.4851757471643938,0.5277486002792402,0.6001349846665047
20.0,0.6909923553466797,1.2690520415404174,0.5209057382066027,0.4724258010656114,-0.3264793960307282,-1.3996741355729245,-2.6796933109899723,-2.1395472921372547,2.0357399134007212e-05,-0.25385463357209037,-0.48109687810499635,-0.05205580974155875,0.1642713874535049,0.01362574741557417,0.11724252411802859,-0.39286439217156754,0.8186925669868115,-0.13973316932368846,-0.45144903859954577,-0.6461682931983378,-0.23332175336929695,0.016173830710380407,-1.4853849932782133,0.5403228524569559,0.6257695906445475
21.0,0.7262604236602783,1.2160586649593672,0.5213105532701561,0.47709645538202267,-0.3394469528440631,-1.499908542468206,-2.6343398500458615,-2.243862505389836,1.6523491755517564e-05,-0.25205372043681995,-0.46306756926673004,0.004248404020199055,0.2051222594313027,0.03601088915359904,0.12334150464174264,-0.41806102107660403,0.8278264060580118,-0.16354942357617286,-0.47609246815066836,-0.6542872972087599,-0.3060740155606886,0.009644748340361652,-1.4853863989297524,0.5415225766622365,0.6463596608744987
22.0,0.7650907039642334,1.162974331093383,0.5215918777554532,0.48433025231681154,-0.32869598311052284,-1.6010287329657673,-2.5687263860727554,-2.3494954042941956,1.3817691151437145e-05,-0.2506239730798391,-0.4428885079287699,0.06098305641580005,0.24609975725156996,0.053013114349699464,0.12805312867425162,-0.4458089032982743,0.8345883320942293,-0.185158487761852,-0.5042126119940742,-0.6659419069750772,-0.380078221486723,0.008345840632138498,-1.485386186151793,0.5309321527019472,0.6620072998108264
23.0,0.8076558113098145,1.1092238677495307,0.5214854414974958,0.49350987355539594,-0.2942414298085418,-1.7047283075453552,-2.48263965284415,-2.4540220279300566,1.1980399995827707e-05,-0.24589470615112086,-0.4196586705221568,0.1104670394735751,0.2788576601905304,0.06608586486597752,0.1337263638218115,-0.47549228409834626,0.838371698777058,-0.2041187657358306,-0.5343003864765199,-0.6807116366505237,-0.4579551383019958,0.011557726718475124,-1.4853854285086503,0.5107120705275464,0.6735698704256817
24.0,0.8466975688934326,1.0547513247276834,0.522118947857482,0.5050816009246062,-0.24333512671541507,-1.8121989906498495,-2.384686835358912,-2.5522913619501013,1.2540669605073144e-05,-0.23422898339606266,-0.3911625844158096,0.14431281125483297,0.29803656755842695,0.0758189499900945,0.14243199755634747,-0.5057712863242653,0.8423455954021386,-0.22304130653298204,-0.5628192714940702,-0.6977054122273506,-0.5383563387875931,0.017555109478817065,-1.4853824378852676,0.49296766733689024,0.6810261234905647
25.0,0.8828330039978027,0.9996051512932123,0.5236130094745394,0.5167682438904595,-0.1867861065620676,-1.9196135983829778,-2.284646781633566,-2.630968315325103,1.4902896277735132e-05,-0.21543890678604272,-0.36070471622303435,0.16229808499176074,0.3035489556956432,0.08611007244786142,0.15596510974257877,-0.5369936951759786,0.8491110992366444,-0.2422479989749653,-0.5873210296013028,-0.7159387678727118,-0.6174194783077758,0.024523958471803983,-1.4853724344858783,0.48833156809450773,0.6834743890540382
26.0,0.9185309410095215,0.9428210035518456,0.5270721316564418,0.5288195309009205,-0.13185372501319703,-2.0275861205640915,-2.186019218933658,-2.67496785555298,2.2774018590268914e-05,-0.1910305202481571,-0.3350202808054068,0.1606879497734851,0.2957967778006347,0.09439111584587276,0.17391635808664507,-0.5675747138740711,0.8648206890603112,-0.2619455133130064,-0.6092458175480824,-0.7350091404803263,-0.6770968136595005,0.02317626080718801,-1.4733717829215167,0.5156967190015551,0.6800448214150259
27.0,0.9524967670440674,0.8849493537630233,0.5310507387292328,0.5392932732745039,-0.08450290539226955,-2.1343113398954667,-2.0941736510141653,-2.694523889799979,4.112401181046425e-05,-0.16458929052271856,-0.3128419713294493,0.1422688191877909,0.28008149096652046,0.10006640759106232,0.19533996599451486,-0.5954291251437441,0.8851418844589238,-0.28436620679942803,-0.6289312407854615,-0.7527488457277328,-0.7174869403317404,0.012543000511304064,-1.426491914873774,0.5615753867797725,0.669593585256667
28.0,0.9911544322967529,0.8316453445615043,0.532506630775022,0.5442220305784162,-0.04288452081735817,-2.2362671061115584,-2.003954972106355,-2.6998850627874917,0.00025744345962667526,-0.1362417429984975,-0.29500356525023935,0.12009084349307143,0.2622298534942548,0.10633464759628086,0.22076834469487153,-0.6212558362925995,0.9023929390277117,-0.3108660489528591,-0.6462546354939169,-0.7722911870948133,-0.7261304099105408,-0.0028632725872469083,-1.3466109248761502,0.6200270361563367,0.6502130807753264
29.0,1.0274693965911865,0.7763102072292245,0.5332654246528192,0.5485360855842485,-0.011840367283058621,-2.3365447343243693,-1.9267251112472095,-2.699977845873234,0.0003455084019458789,-0.10951777379891849,-0.2773888295878285,0.08704128416394473,0.23774417654994817,0.10524477081455824,0.24549277098795885,-0.6422865746579903,0.9200170957066964,-0.3413588081354976,-0.6605973399965483,-0.7910280883377683,-0.7056907385964846,-0.01841597219189558,-1.2368778425458076,0.6846020921809765,0.6228811957595166
30.0,1.0671648979187012,0.7200570024275017,0.5339215281086721,0.5511685885266682,0.009312766915415688,-2.435769288800395,-1.8610458056994124,-2.699977365650473,0.0012474795719305892,-0.0857558022103868,-0.2590190963142961,0.05144996987785183,0.21033171291447006,0.09741908630283058,0.2681319970425735,-0.6583864011942054,0.9377033932923515,-0.3759793871688486,-0.6703186757343556,-0.809657958092799,-0.6587079926474704,-0.027281619968461977,-1.106222783979304,0.7455132332272052,0.5872672878620693
31.0,1.1155064105987549,0.6638381423966665,0.5352157524743416,0.5529500673519656,0.019620918836119113,-2.5321016633904763,-1.8048774205047067,-2.6999732671620134,0.005957544254008033,-0.06566103920063729,-0.2376228638695685,0.019103060921979706,0.18352183972825775,0.08310129659276454,0.2877990135265962,-0.6695198278899586,0.9569655519812038,-0.41678673237469854,-0.6780325493990629,-0.8282533139950187,-0.5818545033464552,-0.02140126691263624,-0.9649219453254751,0.7988431527468886,0.5439674543956657
32.0,1.1555607318878174,0.6073690685832063,0.535060354219443,0.5577043792072386,0.021270528763787145,-2.617019018518378,-1.7580226973789408,-2.6999476015283674,0.02049089937695107,-0.052721919360550026,-0.21681700388096353,0.0004247283342289081,0.1658370559217473,0.06612903159449479,0.3064375598502791,-0.6752564626805007,0.9784848770629962,-0.47136988914500616,-0.6846407596304434,-0.8458717387683508,-0.4777364928069212,0.0038642593857479562,-0.8238429855336101,0.8380872591537076,0.4953719213421444
33.0,1.20438551902771,0.5492883104623455,0.5333128294521747,0.5612694091072377,0.016267010962429787,-2.6855271580748865,-1.717367700881213,-2.699649869656332,0.03623157988590988,-0.0437183086040438,-0.19881998466564854,0.004121698140364187,0.15927462422759475,0.04567657198253543,0.3184199067935607,-0.6777827991106844,1.0080172597377257,-0.5383426195456604,-0.687656918659882,-0.8633330057478195,-0.36336102281708194,0.0363207376147975,-0.6930282801003016,0.85336721607233,0.4476529243591068
34.0,1.2499558925628662,0.49516558530122934,0.5303374223433438,0.5676323991607051,0.016749129702040726,-2.7448931593582078,-1.673337758071456,-2.6987335609025713,0.05895877735226359,-0.03737340097378431,-0.1760146488522036,0.026512085033591367,0.16591285627339963,0.02568932818826877,0.33033607567867085,-0.6734786085982574,1.0475212020594211,-0.617871056048037,-0.6905201520047882,-0.8779007032592903,-0.2345450141410188,0.08248303712215363,-0.5753520891011322,0.8462774934164323,0.4015928306872757
35.0,1.297008752822876,0.4453698131517523,0.5282054236984084,0.5763887616625478,0.028104397359680414,-2.802035942895368,-1.621847819862559,-2.6894445031297995,0.08118033838430187,-0.03395501997582703,-0.15025475226024151,0.06560534339603541,0.1848469925515723,0.007189939195828954,0.3418803156708761,-0.6638338990741197,1.0957313866571294,-0.6994446424491128,-0.6901658339181562,-0.8889279836455541,-0.09769053374589182,0.13985567419902592,-0.4767656930909372,0.8209436304892869,0.3580638888622103
36.0,1.3390698432922363,0.39825447641131295,0.5272952086632035,0.5861812485144187,0.05371144998941223,-2.860519491402778,-1.5638305342609828,-2.6674465091595536,0.09585464802477073,-0.03734519093436586,-0.11949659825194142,0.1167109977839418,0.21822047867671035,-0.009409087171221036,0.35488553277635493,-0.6479978361268337,1.152567926854057,-0.7769939598535155,-0.683039690715415,-0.8962727001016026,0.041683417242080384,0.2050636780378766,-0.39871190532018996,0.7804820788244888,0.3169284794724208
37.0,1.378415822982788,0.35383751349420034,0.5276710093632091,0.596458465777109,0.09327455290378255,-2.9236978904103617,-1.501743428826689,-2.6326892135980793,0.09497829629985106,-0.04450936829990744,-0.08575655329335477,0.1766550005800308,0.2592807082634353,-0.024951951915985295,0.3669711726776109,-0.6285080421741995,1.216116064993943,-0.8396509112131558,-0.6678442066049226,-0.9001082283904259,0.18042543707835687,0.27388353086087236,-0.34245609169923724,0.7306777247691174,0.2801080424737601
38.0,1.4206838607788086,0.3082798707468545,0.5283401582460733,0.6052441983766109,0.1461883577301851,-2.989926846453301,-1.4411782695916444,-2.584956716678903,0.07215628011446841,-0.05471428962479181,-0.04970456149690995,0.24190003873861932,0.308166764130159,-0.03981941963676583,0.3786674505813702,-0.6062124249339215,1.2841146833577604,-0.8774300749742376,-0.6422029803310961,-0.90222543864605,0.3097071396095624,0.3394264486529475,-0.30845593970016855,0.6756018850529514,0.2491548690120562
39.0,1.4657087326049805,0.26047384554547093,0.528730601601745,0.6119956808399507,0.21339406301551073,-3.061854144546733,-1.3824795476311524,-2.5223459774982735,0.039580905533798165,-0.07165515610594961,-0.010154406420492342,0.30628068755001125,0.3694957493351104,-0.05927191696636586,0.3901460513202335,-0.5801790306661334,1.3518157862621665,-0.8835925137565886,-0.6073616348734487,-0.9008177993688014,0.4250487935784035,0.3972821322692216,-0.29514429844014745,0.6170590481753689,0.22384511231476723
40.0,1.5098545551300049,0.2151161546997588,0.532025834649624,0.6159987365190229,0.2817925804042141,-3.1695365022535817,-1.3291709596649168,-2.435343046119424,0.016854475144898583,-0.09105685834101658,0.03550057307367184,0.3426561023649085,0.411166399646625,-0.08928322306480638,0.39938969679888625,-0.5526130054703106,1.4355918553454985,-0.8350077503958495,-0.5535284269289347,-0.9011051253072122,0.49864256505177706,0.42915129694889903,-0.2966211714829472,0.5623374155111378,0.20638971356768374
41.0,1.5513899326324463,0.17640671564686003,0.5342977093941164,0.6203111478179605,0.357115737350456,-3.296231636025854,-1.2802676887326556,-2.3291074291638876,0.004764766436427576,-0.1104066915384544,0.08325932451147332,0.3691225827308532,0.452248661497592,-0.1371079059743831,0.40336803985275893,-0.5238657035596438,1.5090277636658738,-0.7373299352863205,-0.49230536480336484,-0.8912351112117896,0.5502945574750367,0.44877045915555347,-0.31413951385016325,0.5091777004183919,0.19757502610660943
42.0,1.5985937118530273,0.14421361593927068,0.534701095543886,0.6250576625127797,0.4333522633230076,-3.4404476879496206,-1.2343557705603363,-2.2079280420637213,0.0011148275397354279,-0.12898618421378413,0.12902859419474572,0.3826577346899953,0.48916049240489873,-0.21096458965494885,0.39891957551297685,-0.4934222703555581,1.554771704222489,-0.6061857520767038,-0.43181722560990443,-0.8680052360858903,0.578181758045027,0.45585154584569354,-0.34730589087367336,0.457873545250305,0.19626706097666444
43.0,1.6508426666259766,0.11780924293293495,0.5326932313832164,0.6309940679522794,0.5049633600151391,-3.5953259813205865,-1.1932226974100064,-2.0771813163182644,0.003734602157699135,-0.1445644772896068,0.16711017125951252,0.38685554611192646,0.517305079753168,-0.31333145378715144,0.3848544358577378,-0.46133702400394644,1.5614913977816876,-0.4633059623033588,-0.3797588127159474,-0.8327122699591456,0.5834623816864618,0.45146563319024335,-0.39622521785568554,0.4096615620514539,0.20218283088179395
44.0,1.6980419158935547,0.09367314221480438,0.5292532758778323,0.6378655171638066,0.5694075717855258,-3.7500677060630627,-1.1640608665382444,-1.945327658024962,0.013795516737789781,-0.15564817567926786,0.19198937873673205,0.3886088888324517,0.534921684008236,-0.43900473135905693,0.3641492327605399,-0.42721131139526053,1.5292123251788599,-0.329459172173486,-0.3405989739106473,-0.7908595741121258,0.5718067497090883,0.43861036855729174,-0.45990824075383857,0.3661018114803688,0.21449067004156563
45.0,1.735234260559082,0.06861900361669059,0.5250046016040818,0.6443402328157415,0.6260978005423445,-3.902741401507374,-1.1517888578097308,-1.8208651696568092,0.028951772363385964,-0.16314579743071506,0.20066466447427733,0.38917908549096963,0.534938933829952,-0.5791479334513383,0.34195642288421463,-0.3916388585645376,1.4721465167418137,-0.22059595191456072,-0.3136411534413218,-0.7527989911795301,0.5467821565797593,0.4188771561679837,-0.5343208189142163,0.32835313863267895,0.23207446238346724
46.0,1.7668547630310059,0.040844410223167836,0.5205367546588279,0.6503550644760533,0.6787184864837108,-4.05139366998525,-1.1588909519907147,-1.7079198616499511,0.046000473756935514,-0.16465904329966297,0.19353843397292603,0.3906999492176829,0.5202923218467936,-0.7241632672635783,0.3241408953560557,-0.3538314304386496,1.4018568547527015,-0.1436470121301945,-0.297041013471017,-0.7234956502251119,0.5155591976736121,0.3941893836789662,-0.6204473557559933,0.2963084443009475,0.25462784080721257
47.0,1.8023629188537598,0.008944304003718007,0.5167673618944274,0.6550301053231614,0.7288836146611858,-4.197281315089306,-1.1845565651863612,-1.6101126370344527,0.06361785164378517,-0.15997469612867293,0.1714561410525277,0.3930847806400326,0.4945414653390361,-0.8681284606247478,0.31309811030345913,-0.31349070937483675,1.3319842557628077,-0.10077777938702465,-0.28615266945843965,-0.7070976233773527,0.48278814362207745,0.36389428550926706,-0.7197570437065508,0.2687266711017168,0.2814448445237725
48.0,1.8357908725738525,-0.02687224362094795,0.5142194417291965,0.6566223889709975,0.7702839432891901,-4.3422369846699755,-1.2179649637373433,-1.5310356250581154,0.08383772942345138,-0.15109781730988095,0.13506667864416405,0.39418887022749366,0.46010562285092194,-1.0051510162963126,0.30742269428735025,-0.272201732988784,1.27733843906635,-0.0918069948033548,-0.27683649331596216,-0.7075258539748719,0.45012111997062354,0.3262762811800962,-0.8303903282020099,0.24456453196194478,0.3105397556568853
49.0,1.8668792247772217,-0.06601212301813499,0.515105974856402,0.6544798777833187,0.7844207183011147,-4.490697129338984,-1.2387591479840552,-1.4707199169352267,0.11246343121492022,-0.13718339401112445,0.08761235592083214,0.3891289538095749,0.4213770230028875,-1.1241639805943275,0.30534210164667364,-0.23160812265282804,1.2507965432773391,-0.11315425658736905,-0.2633728370715695,-0.726438353028815,0.4158232911460958,0.279848911179166,-0.9455787421190023,0.22708609658770285,0.3405349070534839
50.0,1.898388385772705,-0.10876749739685265,0.5195714027775443,0.6486295216640878,0.74056796069777,-4.652047578085365,-1.2100291208267446,-1.4278898010260004,0.15909524617129062,-0.1185116604843317,0.031491860278635035,0.36959609682237293,0.38246028595617854,-1.207922192464193,0.3096310880980685,-0.1937503476893359,1.2680487695518057,-0.1542021304042709,-0.2408745195752408,-0.7612873550588142,0.3758470638728212,0.22763457074551963,-1.0482155350414528,0.22165665185777617,0.3687347032685696
51.0,1.9285690784454346,-0.15756722676735233,0.5266423884825044,0.6397318011254818,0.6231411338464468,-4.834314908041609,-1.1064716986991208,-1.407811442321952,0.22534679748713066,-0.09668988970235678,-0.02729763922248357,0.32707061411384364,0.34493600809302644,-1.2339039971291705,0.33028640296355694,-0.16125138305553133,1.3328839254354283,-0.19644784669830231,-0.21071142715595537,-0.7989045440753961,0.32835907302308043,0.17682238846225923,-1.1116771582425546,0.23695994620757294,0.39321589860722506
52.0,1.95782470703125,-0.21416251076676712,0.5351800801368682,0.6287346728335726,0.4603565365518535,-5.028353626217881,-0.9428972444305432,-1.4222732695390468,0.3126562118149797,-0.07539243329496771,-0.08305838981369057,0.25477276791624676,0.302081217670945,-1.1988103994379782,0.3721267906694321,-0.13727131636648376,1.4244781015060846,-0.22955544483558493,-0.18507088303473163,-0.8263594524595442,0.2781833006666681,0.13166847711328847,-1.1163371504156068,0.28013522118896783,0.41150614835946786
53.0,1.9830420017242432,-0.27365163550845395,0.5415499109768693,0.621353764368588,0.2999495873058886,-5.218276792892176,-0.7627305492259895,-1.4763576916688708,0.3991876131354078,-0.056263274015247035,-0.14004731336387163,0.17566997271957352,0.24751107610787276,-1.1265291289647743,0.43419828053836407,-0.12016150831398012,1.5136050914899026,-0.2545097608033338,-0.16863996962419348,-0.8413130245556154,0.22901063101591518,0.09067461296341685,-1.0593359281807153,0.35199518261766405,0.42120633780458394
54.0,2.008225440979004,-0.32843096624853135,0.5445343836557359,0.6219252708291789,0.17815381078665143,-5.3942858723890454,-0.608340900173583,-1.55558726708118,0.45755490484282485,-0.043140117160779,-0.19495520312554407,0.11328009823088828,0.18569359057031187,-1.0379777873093687,0.5120742928933091,-0.1092428406905832,1.581282607368339,-0.27887417818076465,-0.15840313148218543,-0.848854677423033,0.18988402462482323,0.048950527676692786,-0.9741487595051446,0.43217099296176803,0.42418312107297523
55.0,2.033918857574463,-0.3738133899753693,0.5449518777713034,0.6319154362912602,0.09984170611362597,-5.547407408255331,-0.49340568859556455,-1.6372332827148268,0.48496967788901246,-0.038255056578089155,-0.23741177335765856,0.06357486688161959,0.12238080251358918,-0.9552250515462585,0.5883436437586858,-0.10472960384626856,1.6355272434116572,-0.29557911672610815,-0.15207454941925072,-0.8568021708700292,0.1646709991219507,0.010189204416178814,-0.8803816640474217,0.5112749869262286,0.419632746066558
56.0,2.0626232624053955,-0.41321733643169106,0.544451316103294,0.6506282576309165,0.05482651228739301,-5.683938701524397,-0.4117118136728515,-1.721083007962202,0.4945928576961804,-0.03996484475825426,-0.2715435643946258,0.02664631683727407,0.06223668094731777,-0.8788768697357286,0.6510028477271044,-0.10716723325900147,1.675767071790644,-0.31048412714607354,-0.14893349069527398,-0.8647657796079915,0.14624783695722848,-0.02007324686868424,-0.7942420342365765,0.5837477312931874,0.40861635431247967
57.0,2.087433338165283,-0.4490215425970958,0.5432524903400815,0.676482392525005,0.031806223931220304,-5.804439337724636,-0.3505961640883487,-1.802180044558439,0.5023085252482711,-0.04521939919076144,-0.2966905370092908,0.0012544030467896497,0.008452866328756675,-0.8073743067788041,0.6988386976507299,-0.11600039418986297,1.702010515040233,-0.3302935565035866,-0.14317219418450877,-0.8652628238140259,0.12905553084624122,-0.038734115451486154,-0.7201314024287586,0.643026395873542,0.39051172928615263
58.0,2.1129589080810547,-0.4847659690539047,0.5407270161854486,0.7088104164887404,0.0223405393172902,-5.913424396287806,-0.29983464958034906,-1.8764716591505952,0.522072133430072,-0.052947726749555404,-0.31340596631653683,-0.012292286144161231,-0.030021594191411292,-0.7402895585551301,0.7313773494586921,-0.12932132545558953,1.7087593408752149,-0.3610762660085204,-0.1341751452140903,-0.8472522403332697,0.10811669362104848,-0.0483906929001652,-0.6605435070127852,0.6883741689716625,0.36662290693426824
59.0,2.136871099472046,-0.5224324106656085,0.5371647912037638,0.7455681339452569,0.01958874967775782,-6.014035189347732,-0.2541739423580388,-1.9364388622145945,0.5555251814601435,-0.06275136847955537,-0.32429067434084213,-0.012303701461077258,-0.05225775829296522,-0.6816325185634313,0.7530454180029877,-0.14608068697762094,1.6940025075407437,-0.4055245741708511,-0.12227034439813474,-0.8079144591969187,0.0833886688797993,-0.05232112980645036,-0.6172468880198552,0.7195890371328189,0.33877684486125276
60.0,2.161038398742676,-0.5603423704544039,0.5332824019690544,0.784665285297846,0.021622060072207593,-6.109894574357859,-0.21580119439878107,-1.9832771964354223,0.600239699922749,-0.07241116747022841,-0.3289178580970785,-0.0050609807192939435,-0.05936781120711568,-0.6320928700054801,0.7669241861013523,-0.16395544665744305,1.659298737003046,-0.4608918306026578,-0.10856870023086623,-0.7521127024919859,0.05741485910646949,-0.05356142105922869,-0.5872825703528116,0.7418727568186301,0.30889558699111286
61.0,2.1844427585601807,-0.5947203050391345,0.530710013826883,0.8228897931301686,0.02380786334829718,-6.201053072525732,-0.18992472375019487,-2.0065551685265404,0.659810466890781,-0.08287507754087897,-0.3305525715121518,-0.0006632615370961532,-0.056574914438372745,-0.5956998155178911,0.787121932269029,-0.18148680425551614,1.6048134104053924,-0.5266171680686239,-0.10012500584051871,-0.689111402860882,0.03741401260855586,-0.050708552944450744,-0.5666720728432834,0.7690223896476529,0.2767116548687848
62.0,2.2055470943450928,-0.62511548467934,0.5292987612284586,0.8591770074294158,0.02593269756725828,-6.289342092504394,-0.17431114417385565,-2.0144588216485233,0.7408597222499242,-0.09098808861155894,-0.33831418665418,-0.005019503484337971,-0.051798666300079996,-0.5723196987036401,0.8185211127691092,-0.19974142537189266,1.5316278041201836,-0.5969332989785694,-0.09802576276934931,-0.627255761135494,0.023008826489313204,-0.04315815487049761,-0.5523604375925525,0.8063494393656023,0.2428347499703962
63.0,2.226569890975952,-0.6509221456832341,0.5283809912485322,0.8922039952552312,0.023732290490814,-6.371974133311765,-0.16740913859555778,-1.9878691189434385,0.8406444877744839,-0.0976232969951639,-0.3350864677777201,-0.010883163100943229,-0.04549892911278672,-0.5693702912228825,0.8659993972852822,-0.21893311451296998,1.435832055865656,-0.6610768808669644,-0.10153461223182667,-0.5674621674177738,0.020323850453947277,-0.030223469413981754,-0.5503266720967233,0.8594226183887468,0.20858282599028716
64.0,2.247589588165283,-0.6719774091333581,0.5275463673256514,0.922377397825187,0.013629762713730701,-6.449349160829472,-0.16830697710151837,-1.9280527485267056,0.9476197290844699,-0.10488369399689972,-0.31459867797735175,-0.010466329156940813,-0.03513174657115709,-0.590162499395176,0.9286356130674199,-0.23920964536863237,1.318490767205265,-0.7048006173874632,-0.10960241588212774,-0.5082442415957319,0.03046117109142138,-0.01145037832532756,-0.563933891189276,0.9279045607988712,0.17431888658860945
65.0,2.268998146057129,-0.6901353722035682,0.5256515341605555,0.9498451084663679,-0.006587258918033502,-6.524492749917325,-0.17616009639010044,-1.8424252072912266,1.0454858920385688,-0.11336946667765976,-0.27196913229669967,0.002492237994843348,-0.0173746577480819,-0.6356616808636377,1.0031828526062943,-0.25990421301767797,1.1817186145055585,-0.7166177128769361,-0.11984425701611436,-0.44877016344373327,0.05430533802900448,0.0135051664574385,-0.5967307438277165,1.00794443342556,0.14143217973844865
66.0,2.2937889099121094,-0.707200442423809,0.5222797880977238,0.974386752876025,-0.03846554030060867,-6.601304223158833,-0.18902438149351264,-1.7336335906556248,1.1134305346353095,-0.12316391771580773,-0.20751469537202516,0.02981613283221904,0.01025626856250547,-0.7079528214728141,1.0864457919392532,-0.279822275426715,1.0326833914216405,-0.6900151226931254,-0.13244541852826064,-0.3914727926796048,0.09135778301513336,0.04445922404507992,-0.6502467784813482,1.0949157963039475,0.11127459488091342
67.0,2.3178555965423584,-0.724802186824635,0.517062797063146,0.9959882142096748,-0.08050133532683004,-6.683761623416341,-0.20149138733425515,-1.6028791105860676,1.1338651854613602,-0.13158251111669117,-0.13073012525691327,0.06754211858051981,0.04720809271456797,-0.8071089225587107,1.170926427432367,-0.29749537063870735,0.8832256010092487,-0.6289513038627407,-0.14669828361182286,-0.34159551770816166,0.13671806290743382,0.07937760234435429,-0.7237443744519861,1.1833839939691928,0.08531488458736922
68.0,2.340853452682495,-0.7441231258646894,0.5102893581460919,1.0141924884939801,-0.12805717692820373,-6.775590293687566,-0.21041378988897858,-1.4479541323037008,1.0982979621253843,-0.13580240943494143,-0.05371370402265912,0.10792244628629145,0.08907549746624568,-0.9297752562693524,1.2506608978700977,-0.31130540601096246,0.7430488240011931,-0.5418321230336124,-0.16122116397935007,-0.30283033483761684,0.1825071413251232,0.11356232951825389,-0.8161388228334019,1.269040062255881,0.06488471712785228
69.0,2.3661129474639893,-0.7640562611174933,0.5029515035237888,1.029438286079968,-0.17576375561321606,-6.877211560503859,-0.2173931973817847,-1.2764396971912726,1.014170698340378,-0.13470372798363023,0.011090023696851206,0.14343287917730063,0.12892928591366193,-1.0677793833725204,1.3210706436196582,-0.32097827210991947,0.6196595586578921,-0.4405575402618088,-0.17600692674623095,-0.27603853658506317,0.2193378116083074,0.14098264754725232,-0.9235604108714375,1.3493726076701908,0.05083231825154992
70.0,2.3924431800842285,-0.7828176595861154,0.4966722806855278,1.042569502733312,-0.2205373825163871,-6.985660224722663,-0.22753987863511937,-1.1004869822652168,0.8987373422279581,-0.1298428528751206,0.05635219795729364,0.17011455482130028,0.16280410758839814,-1.2134675040271587,1.3836442051973483,-0.32692831026322433,0.5162995306551388,-0.33433054994763234,-0.19029161760565383,-0.26080848923324357,0.24131957024582087,0.15784355959861773,-1.0417499581887895,1.424022607977117,0.04341797675380504
71.0,2.424683094024658,-0.7987284044027196,0.49219360960612724,1.0543962796391044,-0.2606585548153767,-7.101375890560714,-0.24528500795384742,-0.9308998512227327,0.7682736746781822,-0.12293380994017572,0.08078954682266234,0.18545341727805364,0.18813587093509576,-1.3513782296121886,1.4389008179602092,-0.3301209543294874,0.4330786084416721,-0.2295669636094269,-0.20246894868840326,-0.25474332330574034,0.24606144617204287,0.16317856078092952,-1.1639173032187515,1.4934526720552272,0.04254216049811893
72.0,2.456054449081421,-0.8117789799092969,0.49072700744286407,1.0666925740392816,-0.2983136640112459,-7.235664653096158,-0.2802934988900623,-0.7642423170158438,0.6316306696742922,-0.11616753204653722,0.08976158436155021,0.18102146390513849,0.2105018400221479,-1.433167742280289,1.4804572711405597,-0.3352567866318361,0.36381966064982063,-0.12819085001844321,-0.21047592980688623,-0.25133059704685795,0.22987884891621274,0.15687283028548657,-1.2808825193254025,1.5709078636660956,0.04611158847731968
73.0,2.486703634262085,-0.8230513835449178,0.4935415264828902,1.0791556531085051,-0.32725016895878156,-7.386837827324339,-0.3272779993138356,-0.604699404371778,0.48737668139935275,-0.11004267780480001,0.08529086651273807,0.15488093344311715,0.22647457372591992,-1.4728584146031898,1.5173440120942594,-0.3429272788329542,0.30868427012518346,-0.05664315813125431,-0.21199071614669246,-0.24604321126754405,0.1881059276972542,0.13737265299714319,-1.3861124956065431,1.659539907932669,0.052203827397150404
74.0,2.5208308696746826,-0.8347889730253066,0.49948665824671745,1.0927879029996979,-0.334183163730443,-7.562426755210867,-0.36623695423936303,-0.45752329446002865,0.33322857990460486,-0.10354575926300694,0.06876198295892245,0.10929327978730931,0.22684407388587552,-1.4853031416462934,1.5645938380182702,-0.35349486030637345,0.26351587915711705,-0.018437479283294502,-0.2064049425340367,-0.23725177011439166,0.12019154846875721,0.10323365043585848,-1.4471256196055555,1.7468614814125354,0.05847467773165003
75.0,2.558999538421631,-0.8474992569827733,0.5065795104966864,1.1047138976062956,-0.291831679418605,-7.768450735726548,-0.3614476846314373,-0.3302568665713821,0.17484678182932434,-0.09613269549222435,0.04379870803006891,0.057292418921017316,0.20558600345207406,-1.4853904673604146,1.634429698299019,-0.36584987744569175,0.22627182974742716,-0.0029069683183091995,-0.19390615924619914,-0.22508022973604558,0.042594968848792526,0.05656482900305493,-1.4760971082552434,1.8365701027835617,0.06547773970917219
76.0,2.5910425186157227,-0.8582079614958603,0.5110182512433714,1.1142842268331439,-0.19984554017662728,-8.001810997312855,-0.30503737372356443,-0.22853139451790372,0.07281730554365846,-0.08799921441353119,0.013044305252005306,0.03006673133456337,0.17048380577396363,-1.4853896896607166,1.735566913507078,-0.3797598952572646,0.19689518931308214,-1.564490185173335e-05,-0.17696915164312937,-0.2117341467361677,-0.01227371216776258,0.007905687428596288,-1.4852809135012333,1.9315575448985531,0.07333180073919876
77.0,2.645677089691162,-0.8677028235674024,0.5130073679836332,1.123795523473054,-0.0943244523743294,-8.248809951615165,-0.22883367274593513,-0.15280046541751652,0.020128333709906333,-0.08218656079969036,-0.02060680311298642,0.0348965320934816,0.1371881593686842,-1.4853875209328988,1.8597032212879088,-0.3955960027840328,0.16840712678945446,-9.863031469097975e-06,-0.157948738485797,-0.19640631498408903,-0.03463650238664618,-0.03336924430993549,-1.4853807237479875,2.028916451519939,0.08129653177486171
78.0,2.676802396774292,-0.8787843535718273,0.5149316844595323,1.1348942748617228,-0.006400522435866005,-8.488508539526435,-0.16396033038133045,-0.09825506461400448,0.0013978830048894475,-0.08074177029932103,-0.05592744334622969,0.058946747676405134,0.11454757908343918,-1.4853864045835086,1.9889947856172032,-0.41422764988326644,0.14501606571235517,-7.499913278607538e-06,-0.14002952080761613,-0.1834566043526294,-0.03389194194071239,-0.06281372237740276,-1.485372503245947,2.097126092559085,0.08955304749339218
79.0,2.7050373554229736,-0.893129863562286,0.5173301883630012,1.1471003413364136,0.04967060582018708,-8.710073503372213,-0.12180246559432456,-0.06001514680630206,9.428985148129972e-06,-0.08248912400137143,-0.09029098507454021,0.0829871864698892,0.1033270571276187,-1.4853859448390456,2.0802833614537883,-0.433599382859051,0.12750972900316213,-7.137788019876543e-06,-0.12378624921284279,-0.17423455340762872,-0.023089480147724033,-0.07834536192079902,-1.4853408870396012,2.1337734383874825,0.09737916825229193
80.0,2.7345259189605713,-0.912615597489872,0.5184187058267353,1.1589845052483445,0.07373953444486732,-8.909554726625327,-0.09981476197943809,-0.0351182262785787,8.954969088070064e-06,-0.08759936524561791,-0.12461800032811617,0.10179052865271943,0.09970686000462889,-1.4853860871946667,2.128430047926173,-0.45302690661852535,0.1173525717000434,-7.297550965560344e-06,-0.11025383912167316,-0.1699771291963994,-0.011257562786502808,-0.08189092050808988,-1.4852649078836322,2.147914322561716,0.1044287072190298
81.0,2.7638490200042725,-0.9366852703285005,0.5180815042004016,1.1690534146020226,0.07752865713505408,-9.093634751441439,-0.09057246067790159,-0.020375458211877077,1.0078643570856747e-05,-0.09439297689555923,-0.15731268038295543,0.11413719797565047,0.09599275010723284,-1.4853864576118534,2.146928864543265,-0.472907113059452,0.11154109655919112,-7.68476397888017e-06,-0.09909487566369397,-0.16964765894993977,-0.0009631752958832438,-0.07682953256709753,-1.4852089309366674,2.1499805467404918,0.11056174082028938
82.0,2.792055606842041,-0.9634582035887925,0.5171084977571435,1.1762653743047664,0.07309684156402549,-9.272600079582716,-0.08827389329820394,-0.011492534639770922,1.10373724304206e-05,-0.10276547470408853,-0.18775191384805534,0.12072916925875718,0.09183483845468976,-1.4853866745607345,2.149978684281905,-0.4927915699759845,0.10675399746336885,-7.888623252439912e-06,-0.08948489262925585,-0.17244756145360413,0.007096785403446642,-0.06619167119929142,-1.4851718815172084,2.149982542489237,0.11584675435041919
83.0,2.8215155601501465,-0.9913805122080791,0.5165565479227114,1.1803078990461087,0.06726623303246818,-9.454336198693131,-0.08825512414548647,-0.00452203927384267,1.1635694343783173e-05,-0.1129629779520198,-0.21632817724392106,0.12222901041576421,0.08615218214854667,-1.4853869578709138,2.149983963856571,-0.5124840309164922,0.10102894885032548,-7.930134194896098e-06,-0.08069858556339887,-0.1781934649728238,0.01261997613115459,-0.05274284580849556,-1.48510628296631,2.14998214999276,0.12153776355314133
84.0,2.850146770477295,-1.0187774265783398,0.5091199375806813,1.1815638876330468,0.019394948156708322,-9.646331861600487,-0.0879685898146507,0.008147200334280465,1.111052762365029e-05,-0.12869447517567434,-0.2439522710371445,0.11448645134681276,0.06323698214649087,-1.4853847171529693,2.1499846647193737,-0.5257316280241746,0.10281980985585079,-8.365641813787767e-06,-0.07523165294123677,-0.18737814058366867,0.009994558120982539,-0.051378930998055475,-1.485195307233506,2.149979153207079,0.128672708538457
85.0,2.8808703422546387,-1.0484402210046726,0.503153870908008,1.1801251578240768,-0.024936035985824324,-9.843335086710276,-0.08534963125892162,0.02367525225101158,1.0511751855917285e-05,-0.14755206521517472,-0.2712578002185928,0.1091519994361756,0.03661096844466462,-1.4853820087814527,2.1499847743251945,-0.5347453584598739,0.10553176898622704,-8.81711389682059e-06,-0.07524465116589127,-0.19573425528601307,0.011702152526176741,-0.05242122120344359,-1.4852694040103245,2.149970435882807,0.13659940587899932
86.0,2.913501024246216,-1.0823110379660283,0.49918072200439423,1.1761379231375664,-0.06338975846939637,-10.044969502645584,-0.08079989926195186,0.04246230277840615,1.0130075986785203e-05,-0.16761907300891538,-0.2967161882790643,0.10598529003293035,0.007723553564935622,-1.4853785651967224,2.149984441123037,-0.5397761361575258,0.10764747565107632,-9.473548494397903e-06,-0.07812951476566316,-0.20179699352490138,0.022118340637306867,-0.05386852146420386,-1.4853270686203852,2.1498249249634185,0.14543099360838718
87.0,2.949056386947632,-1.1217451582596158,0.49767522483389254,1.1683516006239705,-0.09395248337247111,-10.251008698304036,-0.07613251913972477,0.06532574414139325,9.940781999154192e-06,-0.1872231032787944,-0.3185811484365033,0.1064351189529716,-0.020030346953080272,-1.4853770958392865,2.1499821992797195,-0.5408664355293726,0.10736601231465062,-1.0238311122790433e-05,-0.08195304270347775,-0.20369041077382466,0.04298466586249987,-0.053371499194636365,-1.4853614921940417,2.1486921722404393,0.15546988333307543
88.0,2.9832966327667236,-1.1662463919135682,0.49964572968672694,1.1549034097724602,-0.11138017463112836,-10.458504501903615,-0.07447622268041185,0.09033613913036247,1.0219066434676345e-05,-0.20291076563992944,-0.33560718344667706,0.11125730977015268,-0.04273505304225217,-1.485377566326164,2.1499741381369875,-0.53985026506659,0.10250143107246845,-1.1374767232252988e-05,-0.08183898005373005,-0.20097370758571848,0.07237983051682043,-0.04985210896089961,-1.485357059326665,2.1395360099448144,0.16742390173480773
89.0,3.015317678451538,-1.214596321632203,0.5023339299472023,1.1341901291642689,-0.12290272609100174,-10.665095947882946,-0.07577335672563222,0.11963999924801524,1.0848604120829378e-05,-0.2137065120679313,-0.3461024833776918,0.12398588996975198,-0.059896534919638256,-1.4853791983408045,2.14990046547502,-0.5360533539997686,0.09180634576070512,-1.3436990922318458e-05,-0.07985098482494143,-0.19283702910526893,0.10817166892665844,-0.04107506603725933,-1.4853191327174038,2.1193418824473698,0.18182288580214231
90.0,3.051170825958252,-1.2638123408112596,0.504799481529908,1.1051108797282407,-0.12574820882248564,-10.862591198587339,-0.08003303610000065,0.14764319786925695,1.1937936587437085e-05,-0.21927167415830312,-0.352031473859035,0.14751809048489312,-0.0694976699828858,-1.4853810321403715,2.130322754004794,-0.5284691742666621,0.07517547609030975,-1.79473947737228e-05,-0.07479354149386422,-0.18176529189378682,0.14724968229580143,-0.028009842643633022,-1.4845092852776156,2.086569915570406,0.19869698854382128
91.0,3.083836317062378,-1.310243728944144,0.5053107249498168,1.067831867177942,-0.12220446862387971,-11.042150396470355,-0.08651737559471571,0.16927649394071193,1.390320862246467e-05,-0.22087911201248472,-0.3563071057571341,0.17332215270330686,-0.08303797864282328,-1.48538218132666,2.087211174133458,-0.5174281800104628,0.057131472595404076,-2.97315673648123e-05,-0.06844687332375406,-0.1712635105289981,0.18742028003203415,-0.012422847158952812,-1.4785669566475788,2.038369360929872,0.2168693766098304
92.0,3.1219396591186523,-1.3535268366937383,0.5032909163300314,1.0233245770023116,-0.11819473739483842,-11.198835663963495,-0.09225134282368509,0.18453146025672174,1.742763703517727e-05,-0.21839214208924668,-0.3601090927591396,0.1903204124831237,-0.09873289151246037,-1.4853817007276557,2.026084942523011,-0.5031594139583384,0.040112054762000526,-0.0005210512594624665,-0.06181653218676169,-0.16349451723417677,0.22875053506914153,0.0014178568306392096,-1.4726362310364132,1.9715486566279339,0.23576114093933298
93.0,3.1596953868865967,-1.3933643366129245,0.4998787116112693,0.9723804856917437,-0.11854641737346094,-11.33165809242054,-0.09593596783260092,0.19418674273545902,2.4585569712746857e-05,-0.2117864991932687,-0.3644721946093602,0.18531639871860894,-0.11517338648022901,-1.4853787475727485,1.9518368475345484,-0.48657586325172997,0.02678615046835946,-0.009931275597152303,-0.055102041463735985,-0.15995806931351375,0.26960625816048367,0.0097932751636996,-1.4713818196086945,1.8888093714787118,0.25446519919222704
94.0,3.191000461578369,-1.4286801188686669,0.49636342572711645,0.9163122032028975,-0.12202152997034624,-11.450746492958288,-0.10288635239217883,0.2044130127158746,3.500861679232937e-05,-0.20237817812151507,-0.36838178512457065,0.17473009027187045,-0.12412656202866382,-1.4853753813021937,1.8580664440225454,-0.46588549890621533,0.01801105180892143,-0.030887775942164294,-0.0540204606594049,-0.1595708586647212,0.30712625442935115,0.012068008127716402,-1.472062752329161,1.7990869470622548,0.27363407264400225
95.0,3.221881628036499,-1.4602585284684881,0.49380882627330586,0.856371938048418,-0.1240476582900241,-11.555958530712568,-0.11496891305769422,0.21297240703566034,6.212697822643788e-05,-0.19056400213927205,-0.3728135784821639,0.16196850221623996,-0.12192886669623176,-1.4853712886614763,1.7593774111939542,-0.4425398878834481,0.015540880563741748,-0.05887393309407547,-0.05558973450704879,-0.1627195650819868,0.3375902659268609,0.01109686238968938,-1.4741681031835574,1.7077548036149715,0.2915168751887039
96.0,3.251356840133667,-1.4884442637726187,0.49233658242385947,0.7937694007798499,-0.12119529241757462,-11.646898649030623,-0.13103059309301573,0.2162467511948722,0.00042284685345325273,-0.17700416868331953,-0.38058602193864455,0.15121679531308102,-0.11082553665791331,-1.4853633482046293,1.6683208455974536,-0.4180002762919691,0.0198102955086037,-0.09023648053788053,-0.05854356370883028,-0.17108049182333102,0.3575910395795669,0.008361159980654622,-1.4775584610295718,1.6197046103789257,0.3078052479323271
97.0,3.2802681922912598,-1.51257647879817,0.49175647021888824,0.7298492231549047,-0.1134865779977093,-11.721688265570794,-0.14293836422021744,0.20966974799972854,0.005950772884058948,-0.1623758608660948,-0.394462303347093,0.14543519341888853,-0.09668903781029953,-1.4853417984311834,1.5914821241628103,-0.39524071668058475,0.03039692445670308,-0.1206015658311897,-0.05339465164262225,-0.18718430988577542,0.3635743318496595,0.006411968141627682,-1.4802569334923064,1.5396066839429217,0.3219214184920376
98.0,3.310459852218628,-1.53540414120496,0.4923150688151282,0.6666348998361351,-0.1031902904255316,-11.77777045822494,-0.15148163000218212,0.19282236924243262,0.0174307168861726,-0.14699100074624355,-0.41728620757588125,0.14737274244996448,-0.0829727656093854,-1.4845281858687596,1.540983943215184,-0.37688096260306636,0.05141742756061521,-0.14684994841945787,-0.05543323650012264,-0.21053999408863655,0.3551246185238165,0.0052113979315284035,-1.4791293403584382,1.4830530703512737,0.33187145625627035
99.0,3.340341567993164,-1.5580617124841556,0.4936899797123846,0.606292253578704,-0.08893734592436353,-11.816584858976793,-0.161832129868284,0.1660263003250748,0.03314583396364584,-0.13151750514399618,-0.4462287241030721,0.15909455341598933,-0.06648407427150152,-1.4725409723086782,1.5195819511385005,-0.3629842641750104,0.0836872610335125,-0.16880602806226452,-0.08143910135599597,-0.2372957777940261,0.3444077910118072,-0.00013649747881691555,-1.47997011009502,1.4549158829460809,0.33570257774228174
100.0,3.3648757934570312,-1.58069436159129,0.4939057333634279,0.5537678701447235,-0.07222978539497249,-11.853185285557112,-0.16987216178920428,0.13470458192463092,0.05041666354333385,-0.11449797808910478,-0.47440062992758186,0.16889756522482147,-0.04895393469596388,-1.4614703477695874,1.524660327169586,-0.35325647566790624,0.11821499252295477,-0.17864625275725926,-0.11966131760818369,-0.2633218355778758,0.34242798824186704,-0.011117834428109052,-1.4817122012758233,1.4488060642380618,0.3365422894665192
101.0,3.394001007080078,-1.6029595540561379,0.49154779915217384,0.511942247759934,-0.05355766220839876,-11.893635288926992,-0.1752555457165933,0.10076570034853426,0.06525067053686649,-0.09530752683753634,-0.4970042099366583,0.16950775200469081,-0.034287150790637884,-1.4681685163658502,1.5646456811628635,-0.3459796082479012,0.15018598203980238,-0.1694657810758713,-0.1592922965754056,-0.2863224103009894,0.3492558798214396,-0.026583939988687067,-1.4833667462068298,1.4637907872572016,0.3355421563465628
102.0,3.422071933746338,-1.6229111562152956,0.488527871085414,0.4854949497764226,-0.04205752794038543,-11.943549710204946,-0.17572246682739895,0.07401813774958968,0.07667937167486051,-0.07622150151302048,-0.5114529667778329,0.15261668705839151,-0.024973100040939045,-1.4750413801930102,1.6169086162945,-0.3420940074228219,0.1773349429084428,-0.13762493804395762,-0.191675031060775,-0.30466080482651203,0.3600341269587271,-0.04143118711503174,-1.4847617909406794,1.4968902081849533,0.33431068479355486
103.0,3.44814395904541,-1.6406439346794395,0.48531716431070515,0.4736866764984583,-0.03458051790571941,-11.992911723716002,-0.17334044774182922,0.052710364965282065,0.08469788480153215,-0.05897465356405883,-0.5215923180676272,0.12508152611720497,-0.02036976909552287,-1.4817156957651996,1.6656279143775023,-0.340714506516,0.20081958567498645,-0.09065651716592135,-0.21224469378866131,-0.3205137683425828,0.3640287553675339,-0.050346028926810144,-1.4850287805906326,1.5354836801119434,0.3337491644713124
104.0,3.476639747619629,-1.656428588438307,0.48227761094838484,0.47345954697742,-0.02331033735981503,-12.033347016675297,-0.1739449420156633,0.02939983044654644,0.08174746209704595,-0.04338410427250578,-0.5292400260387893,0.09848592307262534,-0.024629100722213186,-1.4853387510517195,1.7048363054300708,-0.3393655509824993,0.2197928595197031,-0.04453444193958514,-0.22239337391842753,-0.334548957352063,0.36060159484275967,-0.05324349325506324,-1.485051954248162,1.5691255929709542,0.33342556473353135
105.0,3.503864049911499,-1.6742188181993534,0.4828465736444111,0.48196664372404885,-0.011968145446582203,-12.069529935406985,-0.17568330268565585,0.007303538220094299,0.06833286324694036,-0.02958043682633322,-0.5351183364116638,0.0729079494579876,-0.03160006030304416,-1.4853773755015283,1.7289903710548515,-0.3378601138154963,0.23313341738137713,-0.016598800849759513,-0.22252292381863337,-0.34545056585033374,0.3458392020943645,-0.05206976923763317,-1.4848824532842753,1.5925914683410025,0.33406483480639193
106.0,3.5321593284606934,-1.6951331314233133,0.48599333628720104,0.496452388080103,-0.00122940243975413,-12.10378089904765,-0.17449848104340268,-0.011660157954036023,0.0468204001571664,-0.016792934596643192,-0.5398184809450363,0.04861863307457924,-0.038027645125972176,-1.4853780055514567,1.7356079727639788,-0.3350660406719099,0.24136240420144028,-0.0036506067188610525,-0.21404968852328476,-0.3534040271889639,0.3218240485172855,-0.05022856607780242,-1.4844924297208826,1.603033624526206,0.336290281003372
107.0,3.560347318649292,-1.7189715003563335,0.48970969390619334,0.5154965755587868,0.006803160844499889,-12.13429546527982,-0.16871446746943947,-0.025787928082763745,0.024305123240028634,-0.005148795994576641,-0.5433101576578587,0.026552428875096415,-0.04109942734317115,-1.485375771028813,1.724578287047619,-0.3298167504515067,0.24605483510721837,-3.173649545555047e-05,-0.19932811577130372,-0.35909702975138424,0.2941132742215361,-0.049458763536211564,-1.4837607962434132,1.598153568153442,0.3404853325460526
108.0,3.591341495513916,-1.7444421889519737,0.4919861089008907,0.5376681987285956,0.01151644521188585,-12.158186303980404,-0.1587353474970565,-0.035429082522851624,0.009806581490932836,0.004664962929661055,-0.5454797242860019,0.0076404279777086,-0.03978835633955381,-1.485370700356826,1.697765159798293,-0.32146583725219224,0.248890729291891,-1.8980035922836406e-05,-0.17957330068707572,-0.3632724498598757,0.266856288618274,-0.049115863664132904,-1.4835868265775172,1.578575941655648,0.34667727069518023
109.0,3.6174747943878174,-1.769709228381596,0.49168867117963927,0.5619170349426003,0.013736476278047752,-12.1705112029615,-0.1463706323782371,-0.04420295671920664,0.002780258422509462,0.013572852646119116,-0.5474750141564435,-0.01017778929026945,-0.03743199762308293,-1.4853066325429998,1.665653168223737,-0.31067000132826555,0.250563495429374,-1.9517551785031105e-05,-0.15613300133037103,-0.3674609625328735,0.2420577588291835,-0.04690012544513955,-1.4837796667597776,1.5437279261688421,0.3542524115615091
110.0,3.6475038528442383,-1.7932930758095837,0.4888177204680635,0.5873039095526295,0.015442374373368168,-12.170063149947946,-0.13551731303550266,-0.05335927193790087,0.0004318847951798468,0.02176847612441526,-0.5505527034462152,-0.026640966281727987,-0.03504769361359597,-1.4837403653371106,1.6391570040760821,-0.29833872043255283,0.25233396500127,-1.9628632419325424e-05,-0.13178250524996513,-0.37315025973219507,0.21834119126543874,-0.04035315373317859,-1.4844347098333075,1.4972238717616042,0.3619579766017893
111.0,3.6784589290618896,-1.8146925783076067,0.48622173229822035,0.6122708944963913,0.016562721466011884,-12.157076241027394,-0.12476020494703724,-0.06633143133105454,0.0003530527054656598,0.0305054814988496,-0.5570990187400268,-0.04453125792766456,-0.03551259417051999,-1.4770887362408205,1.6132541395397175,-0.2904339369300144,0.25573225663679106,-2.0604576353331436e-05,-0.107523504988144,-0.3829633600742291,0.19371376591600226,-0.03200543083965118,-1.4848615849120455,1.4524988102500571,0.36846146735594554
112.0,3.7081356048583984,-1.834264654912992,0.484039394525111,0.635329711751681,0.01782420528274946,-12.132963779420685,-0.11702685013509417,-0.08214188577538112,0.003208768576052131,0.040028602627391226,-0.5676811267735631,-0.06211548848113657,-0.038538887136936394,-1.4647880166069847,1.590494911152165,-0.28719371048293496,0.261796339640164,-2.3033656622551634e-05,-0.09020506242747131,-0.39725839932158713,0.16920299775178727,-0.024204571838355553,-1.4801199458088101,1.4154597647517082,0.3715918818535047
113.0,3.7321600914001465,-1.8528000176433663,0.48145688708698714,0.6560073337821699,0.019535039605008728,-12.104105550205038,-0.11065919056473594,-0.09796386935606913,0.012587144926367434,0.05023863213487138,-0.580816404351024,-0.07807508971062993,-0.04305847681205507,-1.4486221925294376,1.5720908815167152,-0.28783137408217635,0.2686459455641168,-3.97204786838666e-05,-0.07743875422945988,-0.4149446989088394,0.1469857767304169,-0.01813166325561683,-1.4663977561281962,1.3869889714173749,0.37051725966941784
114.0,3.7566728591918945,-1.8709908510798514,0.478234733638105,0.6740620702193671,0.02083912972575916,-12.073017610221175,-0.10523674128410643,-0.11216775450228886,0.029485695891788084,0.061887153429573294,-0.5955286126294151,-0.09124265400776893,-0.0482374044203068,-1.4313546245878825,1.5556766283999708,-0.2915459254118081,0.27590929821447213,-8.50845743391944e-05,-0.06906478095281429,-0.43507759062376017,0.1291420054014436,-0.013894976218956518,-1.444476981876427,1.3692106782748872,0.36468937750382524
115.0,3.7830164432525635,-1.8886500755232292,0.47397989686133973,0.6893454135722259,0.021120013084736586,-12.041851787158157,-0.10065926956048996,-0.12424265663949982,0.054120547890065984,0.07496134864260731,-0.611163748082044,-0.1007382483242546,-0.0535195307925829,-1.414580779851791,1.5395107040908274,-0.29788688161988713,0.283837493234312,-0.0002473405044883212,-0.06440921747237535,-0.4568770463845198,0.11500229773107182,-0.011266430334438974,-1.4164810999381943,1.3597968027108425,0.35366439426966434
116.0,3.8126184940338135,-1.906032264536567,0.46878808590785537,0.7013064801652005,0.020361362535660146,-12.013658711444588,-0.0961995111160377,-0.1333846662541287,0.08440912177749918,0.08984573173523544,-0.6269921178205893,-0.10694822715513366,-0.059332171120862795,-1.397070249409825,1.520052000618151,-0.30568951014619933,0.2915066922556869,-0.0005001341830139241,-0.06361089999697686,-0.4792460000049999,0.10645464977345677,-0.009675889132085953,-1.3859448610566694,1.3544949929142311,0.3380825340189392
117.0,3.839752197265625,-1.9233683450078276,0.46316222221694653,0.7094673618462728,0.018579473745552827,-11.990561382425657,-0.09127476955322592,-0.13885580570620612,0.11812927470701241,0.10631750591960332,-0.6421431202511865,-0.11136754376061883,-0.0648938541576899,-1.378840762104747,1.4943681817018533,-0.31388860116705786,0.2985777321513519,-0.004420961226952068,-0.06524138940969212,-0.5012188833884602,0.10271150092238227,-0.008487419090922968,-1.3551593353019447,1.3485415615662921,0.3188325169429744
118.0,3.864609956741333,-1.9408231809442746,0.457590668747312,0.7140169304371013,0.01635513812236559,-11.972991212684606,-0.08562637892279898,-0.13980955246689328,0.15366332540031452,0.1241247378515645,-0.6555028613744691,-0.11627219510464845,-0.06965297909550414,-1.359368692735562,1.4627596137438823,-0.32158884690818323,0.30447306664923557,-0.014095146289546483,-0.06859527935852835,-0.5218742509140236,0.10304346431883007,-0.0068891503604607655,-1.325560459855922,1.3379198543481525,0.2970036348131753
119.0,3.8874030113220215,-1.9584384036012499,0.45205054004662226,0.7154443298970246,0.013981164060926555,-11.960196927533804,-0.07963554082182736,-0.1347608109010061,0.19035883789942387,0.14347435283830545,-0.6656497055012424,-0.12214662170917272,-0.07271385633113359,-1.339057805644484,1.4261047147898225,-0.3275558474529685,0.3089512862594833,-0.028334136427517764,-0.07377864756335832,-0.5406777481380175,0.10597130462742523,-0.004972964330323049,-1.2977050166351747,1.3219267249042232,0.27341544152195896
120.0,3.9132449626922607,-1.9760969744396215,0.4467536207780236,0.7141148972382134,0.010857915243435975,-11.950873015360077,-0.07589288643077816,-0.12634157287634434,0.22396490631006005,0.16150079125127853,-0.6741175709843393,-0.1277444957212159,-0.07305799340654888,-1.3185800788170767,1.385868282433652,-0.3313329519733393,0.3126092227977182,-0.04471386343797508,-0.07929593370177553,-0.5576838121163195,0.11105268332045629,-0.0026301397539331647,-1.2713060832721856,1.3014422261908627,0.24862243382231425
121.0,3.9341228008270264,-1.9937319700993887,0.44163057143772233,0.7104066533994409,0.007431279317395303,-11.943524215905853,-0.07500517898046688,-0.11623617824308183,0.25371820091672886,0.17773291089529636,-0.681890545748662,-0.132381601343882,-0.07076322830828283,-1.2983251549936456,1.3434381727396039,-0.3327586026807264,0.31586653983835966,-0.06190613927370309,-0.08476721903107064,-0.5729685769008995,0.11748250389061742,0.00035719444121612475,-1.2463207562334793,1.2775206958288052,0.2233459332509882
122.0,3.951521158218384,-2.0115105598702954,0.4366757915481191,0.704568707257941,0.004070830359311962,-11.937372139869531,-0.0754200414679165,-0.10450985287873242,0.2808687031332564,0.19264954862785494,-0.6891173706774848,-0.13562704429692068,-0.06694536830024295,-1.2781419960857474,1.2997600396838918,-0.3321309037002635,0.31953481566140884,-0.07997259501891055,-0.0903132515755592,-0.5870587333724124,0.12420079763463454,0.004197228441861964,-1.2223594828454858,1.2511313153731094,0.19808189245699814
123.0,3.9716553688049316,-2.029469842417755,0.43207995324769455,0.6962426216515787,0.000755740421227686,-11.931943531170145,-0.07650989489769028,-0.09083242440257468,0.30603627478300455,0.20663177113452713,-0.6955851640568385,-0.13762662636436077,-0.061932559326853556,-1.258077882400927,1.25627004765702,-0.32973509399535544,0.3238077574920819,-0.09860590001694582,-0.09637736174239306,-0.6002461582957385,0.13059084465210158,0.008855933657170956,-1.1993132101822843,1.2233363336227936,0.1731644822905327
124.0,3.9893674850463867,-2.0475983108147218,0.42793878269593544,0.6855154206994691,-0.0021988190111896276,-11.926386246396584,-0.07817337522979947,-0.07532239478785524,0.3291986807577587,0.22033858194012756,-0.7010847729809464,-0.1388472640167085,-0.05717703886690108,-1.2382551407368345,1.2157687595788897,-0.32627977169727557,0.3287391496688312,-0.11691315459706819,-0.1061689952008427,-0.6125287147345184,0.13573521201109912,0.013865649014582381,-1.177885331818591,1.1951189579417252,0.1492536064954854
125.0,4.009814500808716,-2.0656716259565266,0.42420869772617864,0.6724650652244707,-0.004505651332594731,-11.920504071728583,-0.08121632566393686,-0.059322750574131125,0.3500951547279024,0.233623100537996,-0.7064848120146165,-0.13855062436766363,-0.05361120861408311,-1.2196203168740372,1.178707710387744,-0.3224016999738244,0.3352907607868233,-0.13411572455908766,-0.12115574079369207,-0.624450054891587,0.13954640751689093,0.019157914532912792,-1.1567142266969241,1.1681726009801867,0.12611122499628544
126.0,4.029078006744385,-2.0833423677003013,0.42100186808608286,0.6574797926392848,-0.006001872907326745,-11.915675558347825,-0.08598418772495642,-0.04241809322119536,0.36810565750105717,0.24633271355537606,-0.7112840722510463,-0.13597091158230395,-0.05117973461843783,-1.2030518614545,1.1458519972399406,-0.31849345419089503,0.3427735663937571,-0.1496750971412013,-0.14132286281002787,-0.635886916896226,0.14187334985822062,0.025057614971101032,-1.1369210735021782,1.1424595098746426,0.10426628288631407
127.0,4.04902720451355,-2.10050959179995,0.41834404713227913,0.6415365745707751,-0.0071798931334396635,-11.912809623638285,-0.0915511481189789,-0.025764781480641288,0.38126491913735727,0.2580721868955366,-0.7157927593563647,-0.131007897795278,-0.04974415896240697,-1.1895090334021392,1.1177401374382643,-0.3144807994991098,0.3497681830370827,-0.16228864830548684,-0.16493596892247975,-0.6463606685349617,0.1433222762573418,0.030448677303718537,-1.1198895063519287,1.118661595708185,0.08382615032610567
128.0,4.066544532775879,-2.116403203354377,0.41601041148620976,0.6263189128528835,-0.008278608411164259,-11.912743835063914,-0.09738745496324817,-0.009090577459019995,0.3879948198103227,0.2691011934405842,-0.7189531458318471,-0.12499176883469941,-0.0483698244434206,-1.1796949138012607,1.094560365591819,-0.310034281105643,0.35379379940293715,-0.17031677158775377,-0.18993902803726512,-0.6553654736837928,0.14584109018740588,0.0342976592436703,-1.1061827824346202,1.097789943071772,0.06507023520865818
129.0,4.084463834762573,-2.1304669516770476,0.41384852860303295,0.6136638318382314,-0.009620481626230507,-11.915426171415827,-0.1029251496921024,0.00696622931681261,0.3865043813038921,0.2789043883647722,-0.7211337733600536,-0.1187659887314888,-0.0464307727364395,-1.172558822381844,1.07536928804549,-0.3052562811315899,0.35435234293002116,-0.17214996322255335,-0.2146489646219862,-0.6628231357742,0.15106199750499177,0.03636026607063273,-1.0966388592921608,1.0791205294129922,0.04792408175065904
130.0,4.104492902755737,-2.142624083550145,0.41164500836270157,0.6050106537647778,-0.01137188300855055,-11.920262243236763,-0.10822707515160096,0.022137109223674675,0.37529313014788945,0.28689740226211213,-0.7227798734544361,-0.11211648336983442,-0.04361717594899553,-1.1674940160113598,1.0596480131145911,-0.30003990654747564,0.35088302852388464,-0.16692397880253163,-0.23775948801573946,-0.6685539363806199,0.15958277647546848,0.03637265798655789,-1.09027546398486,1.0622810817111108,0.032168633595016656
131.0,4.125986814498901,-2.1529463508398288,0.40949401989328227,0.6012912852932447,-0.01397789445362912,-11.925434986125799,-0.11305013762867483,0.03513034974219774,0.3547355535545304,0.29255309927057377,-0.7245166713369162,-0.1041258895758864,-0.04153855379688061,-1.164041989990903,1.0457144007059695,-0.29540215602847275,0.3443000532463766,-0.15434055679696917,-0.25805564274738435,-0.6732745046850843,0.17043547827343133,0.03510872210646,-1.085909680599316,1.0461934213184008,0.01776710105869086
132.0,4.1475465297698975,-2.1621171225404794,0.407499484825793,0.6021978030972126,-0.017718689965191395,-11.930669543702255,-0.11716683166729347,0.045289662766624564,0.3265194127583492,0.2955625204723258,-0.7276164107635588,-0.09419075014068526,-0.040587272237789615,-1.1613079513654205,1.0327875772642983,-0.2911958039946131,0.33510198338503,-0.13564984933427582,-0.2744087117199979,-0.6770914602843581,0.18205846056519948,0.03342812007861298,-1.082822502466418,1.0301640340824734,0.004609202009339628
133.0,4.1699278354644775,-2.1706949162062066,0.4057324524406599,0.6066951798129667,-0.02224711765447035,-11.935991770186067,-0.12140429447399013,0.05211619077024416,0.2936041970875325,0.29617983045815954,-0.7327487381676038,-0.08271779872818501,-0.04071246690081383,-1.1585262328879549,1.0201962248204857,-0.287020750772908,0.32362839293896273,-0.11213164960981621,-0.28602859013148246,-0.6803075222860986,0.193180682946205,0.03177218051022013,-1.0802547117970005,1.014002774359853,-0.007245545188271385
134.0,4.1940248012542725,-2.179175755565094,0.40408251751105867,0.6136420586713038,-0.027044537014517617,-11.941755933047776,-0.12581808720387727,0.055538080351945324,0.2586365845861531,0.2945824726399247,-0.7408623187148715,-0.07083430722324358,-0.04167296428763068,-1.1549792837303268,1.0071155899615545,-0.2828224555836426,0.3112323066320677,-0.0849646905771253,-0.2928899350747296,-0.6834799679405459,0.20298341076486817,0.030618994134970136,-1.0774681543426226,0.9973911262492166,-0.01797833470551154
135.0,4.219106674194336,-2.187941614801711,0.4025536404376633,0.6216582391507881,-0.03202406077400818,-11.94844765039576,-0.1296665742882655,0.0560865261778302,0.222783692259113,0.29149259987451925,-0.7515300108736831,-0.059310500291293436,-0.04377697129202561,-1.1507833718653855,0.9938069666304947,-0.27820597375004996,0.2979522623456632,-0.0559135870258575,-0.29516055857916274,-0.686909180820894,0.21169792265297876,0.029464880297633247,-1.073951473440557,0.9804726654568643,-0.027391267214313862
136.0,4.2486772537231445,-2.196822258992452,0.40099484022670184,0.6294227151865028,-0.0365108381502074,-11.956032613798575,-0.1338788939270825,0.05575487596142535,0.18693413427444813,0.28644982608089053,-0.7639331203653875,-0.049177798413280197,-0.04528121932649694,-1.1459503583317177,0.9804284108894636,-0.2730352049750957,0.28465045876723816,-0.028326364872892702,-0.29372606354662695,-0.6904747777749047,0.21932472670165437,0.02859251348832959,-1.0695359853624953,0.9637459302629008,-0.03579099245588445
137.0,4.272828578948975,-2.2055959768767517,0.4000092251044072,0.6361343932687336,-0.03951447887096507,-11.963699231332011,-0.13753444367201023,0.05441798546675801,0.14945383030586928,0.27968709686414495,-0.7774851635310436,-0.04222368730313818,-0.046657821889560525,-1.1404508280038619,0.9671177797389502,-0.26754023040079483,0.27107313430110797,-0.0114235756229769,-0.2882446240913745,-0.6935352169198568,0.22444750103519895,0.027595021646535642,-1.0647900482186377,0.9476740549927796,-0.04301503786171127
138.0,4.299726724624634,-2.213862017544035,0.399305423825846,0.6411063826662746,-0.04081136830698763,-11.970990295435595,-0.14030421006773158,0.05262247908483511,0.11101212773721177,0.27162090598165173,-0.7916537123356676,-0.038019758006227755,-0.04804856002261253,-1.1342855059000596,0.9540753515596752,-0.26192750325002806,0.2579353855593827,-0.0030493591469935117,-0.2800844043353985,-0.696627986915825,0.22758577176568529,0.02629499844921233,-1.059461233148335,0.9321634891418509,-0.04948421759296218
139.0,4.324471950531006,-2.2211650639754583,0.3989653127527512,0.6440739272481647,-0.04050772544224715,-11.976692936387309,-0.14349530646048408,0.050334342961335016,0.07311092913346141,0.26359154926650663,-0.805182377164015,-0.035793362084754365,-0.04965471619895753,-1.1279371710988708,0.9412061524685962,-0.25643823864981663,0.24536030605091091,-0.0002736738235023208,-0.27033344805813364,-0.7003655318108362,0.22943897917440126,0.024797158948386126,-1.0535659308231913,0.9173081288223941,-0.05540614051408345
140.0,4.354890584945679,-2.2278530741752003,0.39900348238084127,0.6450063316033781,-0.03906938303901211,-11.981055465975427,-0.1465369718500035,0.04740030182697111,0.037765413120282476,0.2558969551502966,-0.818059835642025,-0.03470195372730173,-0.051775563574402966,-1.1215685091774164,0.9283047191856517,-0.25103020699149003,0.23327948942934093,-8.036096408767342e-05,-0.25983381657511095,-0.7048301881081214,0.2304452162688816,0.022948496616664753,-1.0475535397541214,0.903111208560997,-0.06071512741198701
141.0,4.377539873123169,-2.234386599383117,0.39843443586339977,0.6439052676799153,-0.03723717435920077,-11.984620788596782,-0.14932659790493436,0.042886408944267124,0.01563583298989276,0.24559742321586092,-0.8301264477380734,-0.03272419888060348,-0.054285977293604085,-1.1158838625792233,0.9155959469416579,-0.24576210495743328,0.22268743118134873,-5.1747739337357034e-05,-0.2490354559250586,-0.7099801097542969,0.23262962016894628,0.02087356970118505,-1.0417185260270796,0.8893213678683787,-0.06542390489152182
142.0,4.40165376663208,-2.241010272675524,0.39728507206940256,0.6410766833441268,-0.03537594748788643,-11.987370212144693,-0.15136203781977395,0.036351546041643985,0.004488700789878354,0.2324595042823547,-0.8421185091584469,-0.029938798346774508,-0.05731997969671407,-1.1108220312485062,0.9032625970050782,-0.2406878254986249,0.21411644118477202,-4.3176224680444336e-05,-0.23839724769379328,-0.7156272783053788,0.23564200415529124,0.01862850442626158,-1.0364666611949827,0.8758963932360799,-0.06952673771989601
143.0,4.424596309661865,-2.2475454994757733,0.39573932962203495,0.6369472695965381,-0.033502784202719134,-11.98944050957159,-0.1528037451127306,0.027612088629519308,0.0005138316508872772,0.21674735826187047,-0.8548267098844935,-0.027444792883036626,-0.06090577416992987,-1.1068905916786593,0.8915591743268488,-0.23590650618748615,0.20759224727740172,-3.794075956661623e-05,-0.2282217476405915,-0.7213404120326646,0.2386284950531682,0.016024190190725,-1.0316972353811542,0.8631786535384496,-0.072905678575115
144.0,4.4487597942352295,-2.253413374096206,0.3941161723352475,0.6319424887370844,-0.031177631806832293,-11.989883630074766,-0.15429813632875328,0.017655029507225438,7.964387362217917e-05,0.19918990433388145,-0.8667531268893797,-0.025433443612576486,-0.06490702077931065,-1.1051776276109848,0.8806231641603578,-0.23152844222637603,0.20260103213374672,-3.474743066817766e-05,-0.21839909190756762,-0.7267491251341769,0.24059259594239,0.012714724478302498,-1.0279840382117509,0.8510313666810787,-0.0756476267574443
145.0,4.472962856292725,-2.258457808700542,0.39235376962565516,0.6269062036324127,-0.028140770052218465,-11.988343609465431,-0.1557393471346602,0.006432599271007632,4.4682025205682136e-05,0.18045949600981415,-0.8777344527472379,-0.023618616527662888,-0.06933316741944343,-1.106536919575522,0.8706400957391383,-0.2276108977415161,0.19931325503276875,-3.113059574882577e-05,-0.2088758123567826,-0.7316403268288294,0.24158669428785495,0.00887600084406431,-1.0258087505590798,0.8397079425645722,-0.07787931382611037
146.0,4.497472524642944,-2.2624015070468317,0.39057805821501085,0.6227198900560108,-0.024021813111104105,-11.984761648938068,-0.1577441688167217,-0.006511040902014271,3.802549548721267e-05,0.1617608119315974,-0.8880113893364505,-0.022202058217234685,-0.07358777007778701,-1.110729940148493,0.8616441720568991,-0.22388315731085284,0.19717000075757077,-2.8568506660386458e-05,-0.19924184244085963,-0.7356452964863173,0.24164615581449225,0.004702970190347394,-1.025391738289112,0.8291269527910116,-0.07986616539553906
147.0,4.5206685066223145,-2.265289408090079,0.3889932591875255,0.620536838010496,-0.01890523205970519,-11.978968900687418,-0.16009561737516775,-0.019490160865367902,3.4552012717857594e-05,0.14325061761708813,-0.8965281129226121,-0.02213638094949094,-0.07758611174151114,-1.1165893224064645,0.8528648281833591,-0.22037902498014722,0.1960773850532681,-2.6312049739834852e-05,-0.1891255089240752,-0.7388873242592637,0.24086892206419253,0.000523131164334399,-1.0269324482309332,0.8187497747492909,-0.08155099515171484
148.0,4.543998718261719,-2.267401699434049,0.38776366267008067,0.6205157189755673,-0.013033691731408998,-11.972604374196791,-0.16332032089920037,-0.03204398663725599,3.216914466815431e-05,0.1257354093150578,-0.9038753678019804,-0.023635855201213838,-0.08098605542423609,-1.1221584791508383,0.8444472999622356,-0.21692632184553368,0.1952760286291802,-2.4286526248942397e-05,-0.1781046642048405,-0.7419057301899463,0.2391235272198553,-0.0034406281370758353,-1.0287515169062935,0.8082855972976739,-0.08305391160209252
149.0,4.564225912094116,-2.269151117343335,0.3866057404583051,0.6224413764481703,-0.005733735431253783,-11.966453766526996,-0.16812660238940785,-0.04513860859739293,6.409378717305307e-05,0.10992868744676644,-0.9104537799109798,-0.026351133534912207,-0.08420870946806178,-1.1258435923675223,0.8351310337045952,-0.21367746565893525,0.19444943700203732,-3.454341898408406e-05,-0.16560333474794986,-0.7455808704142619,0.23618968602491713,-0.0070411742162886145,-1.029928395602969,0.7974091963696605,-0.0843517175353501
